,id,nome,siglaPartido,siglaUf,despesas
178,74454,Eunício Oliveira,MDB,CE,296276.88000000006
213,74383,Giacobo,PL,PR,256966.00000000003
223,204419,Glaustin da Fokus,PODE,GO,235662.6
432,153423,Renilce Nicodemos,MDB,PA,231928.52000000002
469,74356,Silas Câmara,REPUBLICANOS,AM,221954.61
475,220575,Sonize Barbosa,PL,AP,212751.77
180,220681,Fábio Macedo,PODE,MA,209399.86
129,178908,Delegado Éder Mauro,PL,PA,181231.1
94,141408,Cleber Verde,MDB,MA,177337.7
410,122158,Pedro Paulo,PSD,RJ,174077.16000000003
150,221339,Dr. Benjamim,UNIÃO,MA,161987.03
416,160601,Pr. Marco Feliciano,PL,SP,146955.92999999996
41,123756,Antônia Lúcia,REPUBLICANOS,AC,139009.0
493,137070,Vicentinho Júnior,PP,TO,137500.0
382,204498,Olival Marques,MDB,PA,134436.85
465,220713,Saullo Vianna,UNIÃO,AM,125550.0
14,74696,Alberto Mourão,MDB,SP,125294.2
495,160591,Vinicius Gurgel,PL,AP,124920.0
229,204408,Gustinho Ribeiro,REPUBLICANOS,SE,118169.76000000001
237,204539,Hercílio Coelho Diniz,MDB,MG,115400.0
351,74158,Mário Heringer,PDT,MG,113615.94999999998
27,178937,Altineu Côrtes,PL,RJ,113206.48000000001
158,220674,Dra. Alessandra Haber,MDB,PA,111608.0
142,220671,Dilvanda Faro,PT,PA,102947.2
255,178970,João Daniel,PT,SE,102739.32999999999
204,224117,Gabriel Mota,REPUBLICANOS,RR,97803.84999999999
11,204495,Airton Faleiro,PT,PA,91560.31
446,220641,Rodrigo Gambale,PODE,SP,87760.0
194,92699,Fernando Monteiro,PP,PE,87214.78
285,204574,Junior Lourenço,PL,MA,87003.5
375,220622,Nely Aquino,PODE,MG,86476.70999999999
394,204553,Pastor Sargento Isidório,AVANTE,BA,83012.55000000002
456,178887,Rubens Pereira Júnior,PT,MA,81498.5
419,204390,Professor Alcides,PL,GO,80284.77
195,204427,Fernando Rodolfo,PL,PE,76026.38
160,220540,Duda Ramos,MDB,RR,72942.65000000001
281,74253,Julio Lopes,PP,RJ,71810.90000000001
196,204411,Filipe Barros,PL,PR,69302.8
78,178993,Carlos Henrique Gaguim,UNIÃO,TO,67816.03
346,220604,Marcos Tavares,PDT,RJ,66454.6
279,74317,Júlio Cesar,PSD,PI,66450.87
302,220662,Lucas Ramos,PSB,PE,64962.520000000004
264,141464,José Airton Félix Cirilo,PT,CE,64771.49
197,220545,Filipe Martins,PL,TO,63762.8
177,204482,Euclydes Pettersen,REPUBLICANOS,MG,63759.16
201,220551,Franciane Bayer,REPUBLICANOS,RS,62276.64
111,220603,Dani Cunha,UNIÃO,RJ,60375.13
371,178997,Moses Rodrigues,UNIÃO,CE,60022.75
29,220596,Amália Barros,PL,MT,58202.65
423,220532,Rafael Prudente,MDB,DF,57354.41
99,220595,Coronel Fernanda,PL,MT,56958.19
69,220574,Cabo Gilberto Silva,PL,PB,56081.69000000001
185,220712,Fausto Santos Jr.,UNIÃO,AM,55849.119999999995
339,150418,Márcio Marinho,REPUBLICANOS,BA,55675.74
326,166402,Magda Mofatto,PATRIOTA,GO,55614.560000000005
305,220581,Luciano Amaral,PV,AL,55252.98
364,74428,Mendonça Filho,UNIÃO,PE,54842.38
163,92346,Eduardo Bolsonaro,PL,SP,54531.8
390,180214,Pastor Diniz,UNIÃO,RR,54500.0
207,220611,General Pazuello,PL,RJ,54176.62000000001
61,109429,Benes Leocádio,UNIÃO,RN,53340.719999999994
42,220544,Antonio Andrade,REPUBLICANOS,TO,52783.16999999999
59,220612,Bebeto,PP,RJ,52307.26
224,107283,Gleisi Hoffmann,PT,PR,51498.96
56,69871,Bacelar,PV,BA,50744.600000000006
288,162067,Kiko Celeguim,PT,SP,49738.21
472,220569,Silvye Alves,UNIÃO,GO,48180.859999999986
73,220690,Capitão Alden,PL,BA,47531.01
51,74090,Átila Lins,PSD,AM,45915.50000000001
123,220539,Defensor Stélio Dener,REPUBLICANOS,RR,45768.78999999999
168,226553,Eliane Braz,PSD,CE,44549.94
66,160538,Bohn Gass,PT,RS,44470.579999999994
58,220605,Bandeira de Mello,PSB,RJ,43996.38
104,220608,Cristiane Lopes,UNIÃO,RO,43854.63
457,73604,Rui Falcão,PT,SP,43754.380000000005
154,204481,Dr. Jaziel,PL,CE,43727.8
7,74646,Aécio Neves,PSDB,MG,43427.960000000014
350,220655,Mario Frias,PL,SP,43277.43
402,160558,Paulo Freire Costa,PL,SP,43123.25
220,160673,Giovani Cherini,PL,RS,42970.85
313,204410,Luisa Canziani,PSD,PR,42800.22
184,66828,Fausto Pinato,PP,SP,42791.23
60,73701,Benedita da Silva,PT,RJ,42642.54
273,204563,Josimar Maranhãozinho,PL,MA,42497.06
340,219585,Marco Brasil,PP,PR,42195.0
134,220654,Delegado Paulo Bilynskyj,PL,SP,42023.36
262,214694,Jorge Goetten,PL,SC,41532.85
105,204355,Da Vitoria,PP,ES,41425.630000000005
36,220657,André Fernandes,PL,CE,41335.95
157,204412,Dr. Zacharias Calil,UNIÃO,GO,40996.65
436,220694,Ricardo Maia,MDB,BA,40510.03
508,220558,Zé Trovão,PL,SC,40477.869999999995
309,220616,Luciano Vieira,PL,RJ,40433.84
137,220689,Detinha,PL,MA,40202.06
316,204485,Luiz Carlos Motta,PL,SP,40171.549999999996
176,160640,Eros Biondini,PL,MG,40089.19
252,74273,Jefferson Campos,PL,SP,39796.48
505,220536,Zé Haroldo Cathedral,PSD,RR,39333.42
413,161440,Pezenti,MDB,SC,38956.649999999994
403,204492,Paulo Guedes,PT,MG,38700.619999999995
260,217480,Jones Moura,PSD,RJ,38700.46
427,74161,Reginaldo Lopes,PT,MG,37991.7
83,220704,Carol Dartora,PT,PR,37975.05
278,66385,Julio Arcoverde,PP,PI,37837.36
245,73531,Ivan Valente,PSOL,SP,37691.7
310,178954,Lucio Mosquini,MDB,RO,37653.61
379,209787,Nikolas Ferreira,PL,MG,37492.48
79,204460,Carlos Jordy,PL,RJ,37310.49999999999
198,160598,Flávia Morais,PDT,GO,37250.79000000001
112,220571,Daniel Agrobom,PL,GO,36632.32
481,204464,Talíria Petrone,PSOL,RJ,36542.079999999994
417,226075,Priscila Costa,PL,CE,36501.369999999995
318,141487,Luiz Fernando Faria,PSD,MG,36320.7
321,162332,Luiz Nishimori,PSD,PR,36007.68
301,74858,Lindbergh Farias,PT,RJ,35958.49999999999
322,204526,Luiz Philippe de Orleans e Bragança,PL,SP,35769.31
440,220588,Roberto Duarte,REPUBLICANOS,AC,35609.46
408,122974,Pedro Lucas Fernandes,UNIÃO,MA,35554.49
215,74270,Gilberto Nascimento,PSD,SP,35534.19
356,220661,Matheus Noronha,PL,CE,35500.0
452,220644,Rosângela Moro,UNIÃO,SP,34826.39
243,220570,Ismael Alexandrino,PSD,GO,34051.48
498,160569,Waldenor Pereira,PT,BA,33232.39
298,92102,Leur Lomanto Júnior,UNIÃO,BA,32761.45
373,220584,Murilo Galdino,REPUBLICANOS,PB,32600.069999999996
362,220607,Max Lemos,PDT,RJ,32291.7
296,74156,Leonardo Monteiro,PT,MG,32256.190000000006
211,220587,Gerlen Diniz,PP,AC,31787.77
89,205476,Charles Fernandes,PSD,BA,31733.37
72,204572,Capitão Alberto Neto,PL,AM,31652.29
202,204494,Fred Costa,PATRIOTA,MG,31576.399999999998
188,204398,Felipe Francischini,UNIÃO,PR,31549.14
496,178992,Vitor Lippi,PSDB,SP,31350.0
133,220652,Delegado Palumbo,MDB,SP,31314.839999999997
506,204559,Zé Neto,PT,BA,31189.640000000003
100,220666,Coronel Meira,PL,PE,30745.109999999997
80,74262,Carlos Sampaio,PSDB,SP,30721.62
486,160976,Tiririca,PL,SP,30674.09
292,141480,Lázaro Botelho,PP,TO,30639.82
109,74467,Damião Feliciano,UNIÃO,PB,30605.069999999996
26,178927,Aliel Machado,PV,PR,30573.23
169,178854,Elmar Nascimento,UNIÃO,BA,30448.519999999997
50,160600,Arthur Oliveira Maia,UNIÃO,BA,29801.470000000005
261,205550,Jorge Braz,REPUBLICANOS,RJ,29650.339999999997
270,209189,Joseildo Ramos,PT,BA,29068.99
210,74374,Geraldo Resende,PSDB,MS,29012.010000000002
348,74398,Maria do Rosário,PT,RS,29009.659999999996
470,204360,Silvia Cristina,PL,RO,28731.929999999997
43,160553,Antonio Brito,PSD,BA,28564.16
484,220597,Thiago Flores,MDB,RO,28333.829999999998
138,160588,Diego Andrade,PSD,MG,28216.489999999994
409,204395,Pedro Lupion,PP,PR,27982.5
428,221378,Reginete Bispo,PT,RS,27809.4
159,220686,Duarte Jr.,PSB,MA,27394.48
200,220700,Florentino Neto,PT,PI,27090.229999999996
181,171623,Fabio Reis,PSD,SE,27067.64
125,220625,Delegada Ione,AVANTE,MG,26949.52
312,160510,Luis Tibé,AVANTE,MG,26655.55
438,213274,Ricardo Silva,PSD,SP,26541.5
173,220663,Eriberto Medeiros,PSB,PE,26511.120000000003
482,220598,Tarcísio Motta,PSOL,RJ,26484.16
155,204351,Dr. Luiz Ovando,PP,MS,26459.699999999997
489,160610,Valmir Assunção,PT,BA,26381.64
331,220634,Marcelo Lima,PSB,SP,26272.519999999997
510,160592,Zeca Dirceu,PT,PR,26253.82
478,92776,Stefano Aguiar,PSD,MG,26222.4
193,204445,Fernando Mineiro,PT,RN,25977.050000000003
122,220659,Dayany Bittencourt,UNIÃO,CE,25681.760000000002
324,178866,Luizianne Lins,PT,CE,25589.9
295,80815,Leo Prates,PDT,BA,25387.88
294,220566,Lêda Borges,PSDB,GO,25169.160000000003
3,221328,Adilson Barroso,PL,SP,25128.269999999997
253,141456,Jilmar Tatto,PT,SP,24622.079999999998
233,220537,Helena Lima,MDB,RR,24615.64
463,220621,Sargento Gonçalves,PL,RN,24361.099999999995
6,121948,Adriano do Baldy,PP,GO,24321.410000000003
420,220580,Professora Goreth,PDT,AP,24012.6
183,220653,Fábio Teruel,MDB,SP,23488.44
503,74044,Wilson Santiago,REPUBLICANOS,PB,23376.899999999998
418,220533,Prof. Reginaldo Veras,PV,DF,23326.41
151,220610,Dr. Fernando Máximo,UNIÃO,RO,23233.37
130,220583,Delegado Fabio Costa,PP,AL,23082.71
116,204409,Daniel Trzeciak,PSDB,RS,22944.88
47,73433,Arlindo Chinaglia,PT,SP,21821.23
90,74171,Chico Alencar,PSOL,RJ,21744.360000000004
380,178986,Nilto Tatto,PT,SP,21737.549999999996
439,220693,Roberta Roma,PL,BA,21636.190000000002
471,220579,Silvia Waiãpi,PL,AP,21530.16
128,220649,Delegado da Cunha,PP,SP,21494.370000000003
52,123086,Átila Lira,PP,PI,21482.420000000006
406,220630,Pedro Aihara,PATRIOTA,MG,21237.14
236,220672,Henderson Pinto,MDB,PA,21204.57
361,204486,Mauro Benevides Filho,PDT,CE,21200.37
71,220548,Camila Jara,PT,MS,21112.0
460,220631,Samuel Viana,PL,MG,21062.5
479,204534,Tabata Amaral,PSB,SP,20978.63
203,220534,Fred Linhares,REPUBLICANOS,DF,20772.0
85,220699,Castro Neto,PSD,PI,20596.04
405,74574,Paulo Magalhães,PSD,BA,20573.100000000002
328,156190,Marcel van Hattem,NOVO,RS,20510.25
422,220586,Rafael Brito,MDB,AL,20438.180000000004
145,143632,Domingos Neto,PSD,CE,20316.690000000002
437,220633,Ricardo Salles,PL,SP,20163.099999999995
336,226410,Márcio Correa,MDB,GO,20000.0
443,220546,Rodolfo Nogueira,PL,MS,19847.180000000004
234,178909,Hélio Leite,UNIÃO,PA,19828.52
121,204511,David Soares,UNIÃO,SP,19824.26
303,204404,Lucas Redecker,PSDB,RS,19795.280000000006
461,204416,Sanderson,PL,RS,19718.470000000005
110,220629,Dandara,PT,MG,19710.260000000002
492,74283,Vicentinho,PT,SP,19556.69
216,220529,Gilson Daniel,PODE,ES,19533.27
24,220576,Alfredo Gaspar,UNIÃO,AL,19452.399999999998
464,220618,Sargento Portugal,PODE,RJ,19420.020000000008
44,220638,Antonio Carlos Rodrigues,PL,SP,19190.920000000002
363,220591,Meire Serafim,UNIÃO,AC,19124.030000000002
107,220555,Daiana Santos,PCdoB,RS,19064.96
429,220606,Reimont,PT,RJ,18899.97
132,220701,Delegado Matheus Laiola,UNIÃO,PR,18803.700000000004
33,107970,Ana Paula Leão,PP,MG,18784.92
172,161550,Emidinho Madeira,PL,MG,18778.36
297,74299,Leônidas Cristino,PDT,CE,18757.77
240,204533,Idilvan Alencar,PDT,CE,18719.24
242,98615,Ismael,PSD,SC,18636.95
308,178931,Luciano Ducci,PSB,PR,18327.030000000002
338,81055,Márcio Jerry,PCdoB,MA,18057.71
251,220567,Jeferson Rodrigues,REPUBLICANOS,GO,18050.0
32,220715,Amom Mandel,CIDADANIA,AM,17904.809999999994
377,178896,Newton Cardoso Jr,MDB,MG,17725.44
449,204480,Rogério Correia,PT,MG,17701.8
376,220703,Neto Carletto,PP,BA,17562.58
257,141459,João Maia,PL,RN,17500.21
135,220619,Delegado Ramagem,PL,RJ,17395.460000000003
13,73579,Alberto Fraga,PL,DF,17367.0
280,204372,Julio Cesar Ribeiro,REPUBLICANOS,DF,17131.93
67,210989,Bruno Farias,AVANTE,MG,17080.18
23,221148,Alfredinho,PT,SP,17076.92
286,204550,Júnior Mano,PL,CE,17076.02
256,74550,João Leão,PP,BA,16979.85
448,220695,Rogéria Santos,REPUBLICANOS,BA,16908.02
488,157130,Túlio Gadêlha,REDE,PE,16871.530000000002
354,220572,Marussa Boldrin,MDB,GO,16821.53
54,220577,Augusto Puppio,MDB,AP,16811.66
118,220557,Daniela Reinehr,PL,SC,16634.37
319,220658,Luiz Gastão,PSD,CE,16598.530000000002
263,178857,Jorge Solla,PT,BA,16525.699999999997
441,220613,Roberto Monteiro Pai,PL,RJ,16506.010000000002
473,220651,Simone Marquetto,MDB,SP,16330.28
18,178972,Alex Manente,CIDADANIA,SP,16196.6
367,220530,Messias Donato,REPUBLICANOS,ES,16081.619999999999
62,204358,Beto Pereira,PSDB,MS,15967.89
218,220526,Gilvan da Federal,PL,ES,15868.220000000001
250,74848,Jandira Feghali,PCdoB,RJ,15711.86
431,178989,Renata Abreu,PODE,SP,15703.8
289,204536,Kim Kataguiri,UNIÃO,SP,15364.519999999999
30,220707,Amanda Gentil,PP,MA,15351.93
347,220668,Maria Arraes,SOLIDARIEDADE,PE,15335.55
384,73692,Osmar Terra,MDB,RS,14916.77
395,74160,Patrus Ananias,PT,MG,14832.619999999999
75,204507,Carla Zambelli,PL,SP,14766.23
232,178873,Helder Salomão,PT,ES,14575.89
396,171617,Paulão,PT,AL,14463.41
31,204356,Amaro Neto,REPUBLICANOS,ES,14370.130000000001
119,62881,Danilo Forte,UNIÃO,CE,14318.05
491,204396,Vermelho,PL,PR,14201.880000000001
162,204541,Eduardo Bismarck,PDT,CE,14148.419999999998
34,220556,Ana Paula Lima,PT,SC,14057.26
476,178946,Soraya Santos,PL,RJ,13941.44
124,220565,Delegada Adriana Accorsi,PT,GO,13911.350000000002
212,204394,Gervásio Maia,PSB,PB,13487.69
101,222142,Coronel Telhada,PP,SP,13337.64
117,204459,Daniela do Waguinho,UNIÃO,RJ,13267.85
231,178964,Heitor Schuch,PSB,RS,13215.789999999999
381,74159,Odair Cunha,PT,MG,13134.84
421,221338,Professora Luciene Cavalcante,PSOL,SP,13081.4
291,74856,Laura Carneiro,PSD,RJ,12763.359999999999
327,220648,Marangoni,UNIÃO,SP,12719.57
226,220639,Guilherme Boulos,PSOL,SP,12694.0
370,178895,Misael Varella,PSD,MG,12655.180000000002
113,74060,Daniel Almeida,PCdoB,BA,12623.240000000002
55,160512,Aureo Ribeiro,SOLIDARIEDADE,RJ,12588.94
447,165470,Rodrigo Valadares,UNIÃO,SE,12408.819999999998
485,220684,Tião Medeiros,PP,PR,12385.789999999997
445,223128,Rodrigo Estacho,PSD,PR,12349.36
412,204406,Pedro Westphalen,PP,RS,12299.27
458,160635,Ruy Carneiro,PODE,PB,12288.41
152,220688,Dr. Francisco,PT,PI,12064.510000000002
329,179000,Marcelo Álvaro Antônio,PL,MG,12028.73
266,204472,José Medeiros,PL,MT,12015.460000000001
480,220682,Tadeu Veneri,PT,PR,11939.329999999998
393,220615,Pastor Henrique Vieira,PSOL,RJ,11900.199999999999
502,224333,Welter,PT,PR,11857.390000000001
332,133810,Marcelo Moraes,PL,RS,11790.99
368,171786,Miguel Ângelo,PT,MG,11733.649999999998
344,220547,Marcos Pollon,PL,MS,11476.22
487,178934,Toninho Wandscheer,PP,PR,11260.13
140,178929,Diego Garcia,REPUBLICANOS,PR,11218.51
153,204518,Dr. Frederico,PATRIOTA,MG,11179.95
462,204387,Sargento Fahur,PSD,PR,11039.7
165,220589,Eduardo Velloso,UNIÃO,AC,10973.670000000002
53,160665,Augusto Coutinho,REPUBLICANOS,PE,10866.939999999999
497,91228,Waldemar Oliveira,AVANTE,PE,10638.3
222,152605,Glauber Braga,PSOL,RJ,10504.05
0,220593,Abilio Brunini,PL,MT,10418.17
275,204474,Juarez Costa,MDB,MT,10346.17
93,74537,Claudio Cajado,PP,BA,10177.460000000001
453,220620,Rosângela Reis,PL,MG,10164.93
108,220692,Dal Barreto,UNIÃO,BA,9908.470000000003
399,220650,Paulo Alexandre Barbosa,PSDB,SP,9818.670000000002
307,74478,Luciano Bivar,UNIÃO,PE,9712.420000000002
512,220552,Zucco,REPUBLICANOS,RS,9711.81
450,160629,Romero Rodrigues,PODE,PB,9654.73
349,204540,Maria Rosas,REPUBLICANOS,SP,9568.619999999999
230,204456,Gutemberg Reis,MDB,RJ,9532.800000000001
103,178963,Covatti Filho,PP,RS,9503.85
141,73768,Dilceu Sperafico,PP,PR,9468.2
299,139285,Lídice da Mata,PSB,BA,9438.980000000001
359,220550,Mauricio Marcon,PODE,RS,9429.659999999998
249,220697,Jadyel Alencar,PV,PI,9429.41
136,220553,Denise Pessôa,PT,RS,9380.13
283,204520,Junio Amaral,PL,MG,8935.32
387,204573,Otto Alencar Filho,PSD,BA,8924.08
17,204501,Alencar Santana,PT,SP,8918.04
143,160599,Dimas Fabiano,PP,MG,8893.29
199,191923,Flávio Nogueira,PT,PI,8595.380000000001
317,74041,Luiz Couto,PT,PB,8357.32
467,178933,Sergio Souza,MDB,PR,8356.68
126,220561,Delegada Katarina,PSD,SE,8266.41
494,141555,Vinicius Carvalho,REPUBLICANOS,SP,8266.109999999999
474,104552,Socorro Neri,PP,AC,8245.18
28,178881,Aluisio Mendes,REPUBLICANOS,MA,8195.78
383,178987,Orlando Silva,PCdoB,SP,8193.32
400,178860,Paulo Azi,UNIÃO,BA,8082.599999999999
311,222429,Luis Carlos Gomes,REPUBLICANOS,RJ,8077.85
248,220527,Jack Rocha,PT,ES,8004.63
411,160604,Pedro Uczai,PT,SC,7983.360000000001
166,74075,Elcione Barbalho,MDB,PA,7961.890000000001
282,204457,Juninho do Pneu,UNIÃO,RJ,7898.290000000001
424,220626,Rafael Simoes,UNIÃO,MG,7853.58
228,220568,Gustavo Gayer,PL,GO,7812.279999999999
444,141531,Rodrigo de Castro,UNIÃO,MG,7805.24
386,204441,Otoni de Paula,MDB,RJ,7781.680000000001
22,220554,Alexandre Lindenmeyer,PT,RS,7753.55
334,178983,Marcio Alvino,PL,SP,7744.52
459,204535,Sâmia Bomfim,PSOL,SP,7722.320000000001
77,178962,Carlos Gomes,REPUBLICANOS,RS,7708.42
214,204491,Gilberto Abramo,REPUBLICANOS,MG,7689.9
106,141411,Dagoberto Nogueira,PSDB,MS,7672.49
221,226179,Gisela Simona,UNIÃO,MT,7672.120000000001
269,74554,José Rocha,UNIÃO,BA,7659.970000000001
98,204378,Coronel Chrisóstomo,PL,RO,7636.650000000001
442,220624,Robinson Faria,PL,RN,7624.349999999999
335,179001,Márcio Biolchi,MDB,RS,7622.59
258,178910,Joaquim Passarinho,PL,PA,7473.620000000001
435,220543,Ricardo Ayres,REPUBLICANOS,TO,7422.97
92,220665,Clarissa Tércio,PP,PE,7373.46
337,220687,Márcio Honaiser,PDT,MA,7352.579999999999
499,220601,Washington Quaquá,PT,RJ,7266.61
219,220531,Gilvan Maximo,REPUBLICANOS,DF,7232.280000000001
167,204364,Eli Borges,PL,TO,7209.140000000001
179,178871,Evair Vieira de Melo,PP,ES,7114.389999999999
398,141516,Paulo Abi-Ackel,PSDB,MG,7084.789999999999
246,220696,Ivoneide Caetano,PT,BA,7060.76
343,204506,Marcos Pereira,REPUBLICANOS,SP,6931.799999999999
259,160548,Jonas Donizette,PSB,SP,6864.86
190,204407,Fernanda Melchionna,PSOL,RS,6863.09
426,74084,Raimundo Santos,PSD,PA,6772.86
205,220708,Gabriel Nunes,PSD,BA,6755.26
365,188097,Merlong Solano,PT,PI,6745.930000000001
209,220702,Geraldo Mendes,UNIÃO,PR,6613.619999999999
96,98148,Cobalchini,MDB,SC,6531.68
404,220685,Paulo Litro,PSD,PR,6456.820000000001
4,204560,Adolfo Viana,PSDB,BA,6427.18
477,178947,Sóstenes Cavalcante,PL,RJ,6367.89
40,220676,Andreia Siqueira,MDB,PA,6345.759999999999
189,160666,Félix Mendonça Júnior,PDT,BA,6306.61
401,160517,Paulo Foletto,PSB,ES,6276.709999999999
88,204504,Cezinha de Madureira,PSD,SP,6276.339999999999
353,204566,Marreca Filho,PATRIOTA,MA,6186.44
239,220563,Icaro de Valmir,PL,SE,6160.210000000001
504,220564,Yandra Moura,UNIÃO,SE,6152.4
20,220542,Alexandre Guimarães,REPUBLICANOS,TO,6138.450000000001
225,198197,Greyce Elias,AVANTE,MG,6129.5199999999995
507,160632,Zé Silva,SOLIDARIEDADE,MG,6100.53
139,220691,Diego Coronel,PSD,BA,6034.560000000001
372,220617,Murillo Gouvea,UNIÃO,RJ,5996.89
267,204391,José Nelto,PP,GO,5494.05
10,160527,Aguinaldo Ribeiro,PP,PB,5383.89
414,204524,Pinheirinho,PP,MG,5378.380000000001
415,73486,Pompeo de Mattos,PDT,RS,5362.6
290,98057,Lafayette de Andrada,REPUBLICANOS,MG,5357.24
454,73806,Roseana Sarney,MDB,MA,5240.11
35,220632,Ana Pimentel,PT,MG,5238.989999999999
144,220602,Dimas Gadelha,PT,RJ,5150.46
21,160545,Alexandre Leite,UNIÃO,SP,5102.380000000001
97,220594,Coronel Assis,UNIÃO,MT,5095.0599999999995
65,204388,Bibo Nunes,PL,RS,5075.1
86,206018,Célia Xakriabá,PSOL,MG,5062.02
175,160575,Erika Kokay,PT,DF,5019.700000000001
8,136811,Afonso Hamm,PP,RS,5005.48
501,74043,Wellington Roberto,PL,PB,4895.33
15,220538,Albuquerque,REPUBLICANOS,RR,4852.45
206,204473,General Girão,PL,RN,4809.070000000001
345,178943,Marcos Soares,UNIÃO,RJ,4799.18
217,204365,Gilson Marques,NOVO,SC,4712.72
39,204515,André Janones,AVANTE,MG,4707.29
45,220675,Antônio Doido,MDB,PA,4682.57
407,220667,Pedro Campos,PSB,PE,4663.46
490,74376,Vander Loubet,PT,MS,4660.9400000000005
254,141458,João Carlos Bacelar,PL,BA,4630.4
170,218086,Ely Santos,REPUBLICANOS,SP,4628.55
433,73801,Renildo Calheiros,PCdoB,PE,4557.200000000001
247,220670,Iza Arruda,MDB,PE,4519.92
12,204549,AJ Albuquerque,PP,CE,4492.67
81,204426,Carlos Veras,PT,PE,4482.09
171,198783,Emanuel Pinheiro Neto,MDB,MT,4453.6
187,72442,Felipe Carreras,PSB,PE,4431.700000000001
91,204462,Chris Tonietto,PL,RJ,4393.049999999999
68,220635,Bruno Ganem,PODE,SP,4388.19
63,220683,Beto Richa,PSDB,PR,4377.179999999999
268,74079,José Priante,MDB,PA,4366.86
48,141391,Arnaldo Jardim,CIDADANIA,SP,4302.5599999999995
388,220706,Padovani,UNIÃO,PR,4292.67
451,204525,Rosana Valle,PL,SP,4282.5599999999995
192,141431,Fernando Coelho Filho,UNIÃO,PE,4275.700000000001
82,141398,Carlos Zarattini,PT,SP,4252.410000000001
389,160556,Padre João,PT,MG,4246.73
120,116379,Darci de Matos,PSD,SC,4245.03
182,204368,Fabio Schiochet,UNIÃO,SC,4236.66
208,178966,Geovania de Sá,PSDB,SC,4193.610000000001
57,178975,Baleia Rossi,MDB,SP,4188.26
425,204567,Raimundo Costa,PODE,BA,4180.639999999999
374,204453,Natália Bonavides,PT,RN,4180.629999999999
5,204528,Adriana Ventura,NOVO,SP,4169.6
306,103758,Luciano Azevedo,PSD,RS,4145.46
272,74141,Josias Gomes,PT,BA,4120.219999999999
161,220623,Duda Salabert,PDT,MG,4111.9800000000005
114,220582,Daniel Barbosa,PP,AL,4053.1100000000006
300,74585,Lincoln Portela,PL,MG,4028.45
391,160642,Pastor Eurico,PL,PE,3994.0899999999997
366,220585,Mersinho Lucena,PP,PB,3947.1500000000005
127,220673,Delegado Caveira,PL,PA,3944.9600000000005
500,160518,Weliton Prado,SOLIDARIEDADE,MG,3937.78
95,88256,Clodoaldo Magalhães,PV,PE,3910.9100000000003
241,204508,Igor Timo,PODE,MG,3909.16
323,74784,Luiza Erundina,PSOL,SP,3905.45
235,204444,Helio Lopes,PL,RJ,3894.09
1,204379,Acácio Favacho,MDB,AP,3860.6300000000006
392,204570,Pastor Gil,PL,MA,3826.4200000000005
360,220647,Mauricio Neves,PP,SP,3807.14
314,141485,Luiz Carlos Busato,UNIÃO,RS,3800.6699999999996
146,160758,Domingos Sávio,PL,MG,3708.87
284,204497,Júnior Ferrari,PSD,PA,3694.1800000000003
84,204369,Caroline de Toni,PL,SC,3673.29
19,204571,Alex Santana,REPUBLICANOS,BA,3670.05
244,204436,Isnaldo Bulhões Jr.,MDB,AL,3667.3199999999997
287,220677,Keniston Braga,MDB,PA,3648.9900000000002
455,74371,Rubens Otoni,PT,GO,3628.8100000000004
341,160535,Marcon,PT,RS,3627.6800000000003
238,160674,Hugo Motta,REPUBLICANOS,PB,3553.55
38,133439,André Figueiredo,PDT,CE,3528.73
320,204455,Luiz Lima,PL,RJ,3527.8999999999996
355,178843,Marx Beltrão,PP,AL,3522.34
293,220600,Lebrão,UNIÃO,RO,3516.23
352,178858,Mário Negromonte Jr.,PP,BA,3489.56
483,220560,Thiago de Joaldo,PP,SE,3483.5499999999997
325,220669,Lula da Fonte,PP,PE,3454.6200000000003
156,220528,Dr. Victor Linhalis,PODE,ES,3409.3
276,220559,Julia Zanatta,PL,SC,3384.54
9,178835,Afonso Motta,PDT,RS,3319.75
147,220573,Dorinaldo Malafaia,PDT,AP,3297.46
164,141421,Eduardo da Fonte,PP,PE,3293.1899999999996
87,73441,Celso Russomanno,REPUBLICANOS,SP,3234.4500000000003
37,204423,André Ferreira,PL,PE,3197.53
304,138286,Luciano Alves,PSD,PR,3118.15
342,204431,Marcos Aurélio Sampaio,PSD,PI,3095.2
357,220609,Maurício Carvalho,UNIÃO,RO,3082.66
333,160161,Marcelo Queiroz,PP,RJ,2981.25
330,220599,Marcelo Crivella,REPUBLICANOS,RJ,2882.71
191,220656,Fernanda Pessoa,UNIÃO,CE,2882.57
430,205865,Reinhold Stephanes,PSD,PR,2864.9399999999996
25,74057,Alice Portugal,PCdoB,BA,2861.95
509,204517,Zé Vitor,PL,MG,2832.3900000000003
186,220646,Felipe Becari,UNIÃO,SP,2818.76
131,204512,Delegado Marcelo Freitas,UNIÃO,MG,2727.91
70,143942,Caio Vianna,PSD,RJ,2706.7300000000005
358,220628,Mauricio do Vôlei,PL,MG,2692.08
227,220664,Guilherme Uchoa,PSB,PE,2674.17
434,221329,Ricardo Abrão,UNIÃO,RJ,2665.49
76,204361,Carlos Chiodini,MDB,SC,2637.6099999999997
271,220578,Josenildo,PDT,AP,2612.1799999999994
511,220592,Zezinho Barbary,PP,AC,2606.49
315,73778,Luiz Carlos Hauly,PODE,PR,2527.22
468,204557,Sidney Leite,PSD,AM,2483.47
378,204479,Nicoletti,UNIÃO,RR,2470.91
49,160541,Arthur Lira,PP,AL,2400.0
265,141470,José Guimarães,PT,CE,2223.1699999999996
369,178985,Miguel Lombardi,PL,SP,2210.1
102,220590,Coronel Ulysses,UNIÃO,AC,2204.95
64,204374,Bia Kicis,PL,DF,2072.9100000000003
397,220627,Paulinho Freire,UNIÃO,RN,2047.25
2,220714,Adail Filho,REPUBLICANOS,AM,2000.0
174,220645,Erika Hilton,PSOL,SP,1838.13
46,220549,Any Ortiz,CIDADANIA,RS,1826.5900000000001
274,215043,Josivaldo JP,PSD,MA,1728.17
16,160559,Alceu Moreira,MDB,RS,1569.2499999999998
277,220640,Juliana Cardoso,PT,SP,1545.89
115,204367,Daniel Freitas,PL,SC,1322.31
74,178829,Capitão Augusto,PL,SP,1109.42
148,204450,Doutor Luizinho,PP,RJ,974.8399999999999
385,204422,Ossesio Silva,REPUBLICANOS,PE,548.06
